step,time_s,iterations,max_displacement_m,mass_defect,wall_leakage,continuity,inlet_m3_s,lower_m3_s,upper_m3_s,normalization_scale_m3_s,moving_mass_defect_m3_s,wall_relative_leakage_m3_s,backward_euler_volume_rate_m3_s,total_fluid_surface_outward_flow_m3_s,total_material_surface_outward_flow_m3_s,inlet_pressure_pa,conservation_passed
1,0.050000000000000003,5,2.2701902727976608e-07,0.011262505388431796,0.011262544703772496,2.6350252003182973e-14,-8.1637467010305445e-08,4.0337925979270831e-08,4.0366591972420742e-08,9.9999999999999995e-07,1.1262505388431796e-08,1.1262544703772496e-08,9.3290974327301256e-10,1.1262544703798802e-08,9.3294905864001924e-10,5.7341522555726971,1
2,0.10000000000000001,5,3.2039181127794579e-07,0.021124148603190927,0.021124159915916488,3.1614119228740734e-14,-1.4778274321540716e-07,7.3599046787475034e-08,7.3672842004870965e-08,9.9999999999999995e-07,2.1124148603190924e-08,2.1124159915916488e-08,5.1084311033481279e-10,2.1124159915948791e-08,5.1085442309267951e-10,7.8647450843757882,1
3,0.15000000000000002,4,4.6621332514027817e-07,0.033608801637976506,0.033608825395020844,5.2498982129632715e-14,-2.2793394909648524e-07,1.1353286025644138e-07,1.1366078359270185e-07,9.9999999999999995e-07,3.3608801637976507e-08,3.3608825395020843e-08,7.4028149029650379e-10,3.3608825395074392e-08,7.4030524739438979e-10,11.183221215612905,0
4,0.20000000000000001,4,6.5580557329068797e-07,0.049896308680029887,0.049896352312248468,7.0967133473374456e-14,-3.2694574275066263e-07,1.6287535028686995e-07,1.6306595020100821e-07,9.9999999999999995e-07,4.9896308680029884e-08,4.9896352312248464e-08,1.0043986305659895e-09,4.9896352312318827e-08,1.0044422628549341e-09,15.364745084375787,0
5,0.25,4,8.7401460175510281e-07,0.070029063495684551,0.070029129446987179,1.2134015803116932e-13,-4.4258885097188143e-07,2.2054778388871092e-07,2.2080509106430458e-07,9.9999999999999995e-07,7.0029063495684542e-08,7.0029129446987177e-08,1.2359100675628581e-09,7.0029129447108554e-08,1.2359760189868691e-09,20,0
6,0.29999999999999999,4,1.1052077817488192e-06,0.09334038743145831,0.093340471847515205,1.4929720837423655e-13,-5.6790241242703448e-07,2.830895799742216e-07,2.8341603919580777e-07,9.9999999999999995e-07,9.3340387431458309e-08,9.3340471847515202e-08,1.3967088409478845e-09,9.3340471847664664e-08,1.3967932571542441e-09,24.635254915624213,0
7,0.34999999999999998,3,1.3272851788311661e-06,0.11866378552485514,0.11866387507132546,1.4954887807560581e-13,-6.9248358560093292e-07,3.4532879328057368e-07,3.4572126679004916e-07,9.9999999999999995e-07,1.1866378552485514e-07,1.1866387507132546e-07,1.4334359838378209e-09,1.186638750714761e-07,1.4335255304587675e-09,28.816778784387093,0
8,0.39999999999999997,4,1.5329195476656591e-06,0.14424681360117078,0.14424688990895826,1.9705820335274209e-13,-8.0383439276835594e-07,4.0103677201495298e-07,4.0148497137229729e-07,9.9999999999999995e-07,1.4424681360117077e-07,1.4424688990895826e-07,1.3125730733171266e-09,1.4424688990915726e-07,1.312649381303613e-09,32.135254915624216,0
9,0.44999999999999996,4,1.7108446320869961e-06,0.16723084661149937,0.1672308922071947,2.1241419103932964e-13,-8.9004585565849395e-07,4.4427361672167729e-07,4.4476864728023147e-07,9.9999999999999995e-07,1.6723084661149936e-07,1.6723089220719469e-07,1.0035460608894079e-09,1.6723089220740693e-07,1.0035916567969635e-09,34.265847744427305,0
10,0.49999999999999994,4,1.8133164078840409e-06,0.18376352299966503,0.18376353780280821,2.2733652928978625e-13,-9.4262927665475772e-07,4.7076783550438536e-07,4.7130763946175632e-07,9.9999999999999995e-07,1.8376352299966502e-07,1.8376353780280821e-07,5.5378688547713648e-10,1.8376353780303169e-07,5.5380168884381458e-10,35,0
11,0.54999999999999993,4,1.8203326441938405e-06,0.19024975809281811,0.19024975882075854,1.6884860442890477e-13,-9.5776162859596656e-07,4.7858222405400349e-07,4.7914755496143885e-07,9.9999999999999995e-07,1.902497580928181e-07,1.9024975882075854e-07,3.1848852582827306e-11,1.9024975882092829e-07,3.1849580693011092e-11,34.265847744427305,0
12,0.59999999999999998,4,1.7331706332468877e-06,0.18523539826376018,0.18523540845004891,1.778587209499269e-13,-9.3564241790888913e-07,4.6777762824346384e-07,4.6834900279569482e-07,9.9999999999999995e-07,1.8523539826376018e-07,1.8523540845004891e-07,-4.8422331655641662e-10,1.8523540845022538e-07,-4.8421313009120805e-10,32.135254915624216,0
13,0.65000000000000002,4,1.5660322081044115e-06,0.16983281023669539,0.16983284728021225,2.1736559078849549e-13,-8.7945344091103729e-07,4.399124160262702e-07,4.4046864278370672e-07,9.9999999999999995e-07,1.6983281023669537e-07,1.6983284728021225e-07,-9.2765494245757043e-10,1.6983284728043054e-07,-9.2761789872240848e-10,28.8167787843871,0
14,0.70000000000000007,4,1.3410036304140871e-06,0.14699557422797374,0.14699564160344086,1.483488458019445e-13,-7.9465648508504624e-07,3.9768766843277361e-07,3.9821766644712088e-07,9.9999999999999995e-07,1.4699557422797372e-07,1.4699564160344085e-07,-1.2489171703158563e-09,1.469956416035908e-07,-1.2488497946987744e-09,24.635254915624213,0
15,0.75000000000000011,4,1.0848455981986851e-06,0.12057013726603744,0.12057022417631269,1.4404295712329972e-13,-6.8889465550674325e-07,3.4491213631760813e-07,3.4539916016680877e-07,9.9999999999999995e-07,1.2057013726603743e-07,1.2057022417631268e-07,-1.416727887947505e-09,1.2057022417645575e-07,-1.4166409775291846e-09,19.999999999999989,0
16,0.80000000000000016,2,8.2831863867188192e-07,0.094152828863324961,0.094152916105331413,1.0221388111256508e-13,-5.7176189083851879e-07,2.8637270884075312e-07,2.8680787592558258e-07,9.9999999999999995e-07,9.4152828863324958e-08,9.4152916105331415e-08,-1.4187811698232708e-09,9.4152916105433906e-08,-1.4186939277143227e-09,15.364745084375778,0
17,0.8500000000000002,4,5.9904408253993684e-07,0.070527322655594166,0.070527393533432667,7.9463725930366018e-14,-4.5433232226596911e-07,2.2761588650355947e-07,2.279933176446874e-07,9.9999999999999995e-07,7.0527322655594168e-08,7.052739353343266e-08,-1.2769527601160676e-09,7.0527393533511368e-08,-1.2768818821988706e-09,11.183221215612894,0
18,0.90000000000000024,4,4.1721209819979512e-07,0.05130565984731298,0.051305704748071716,5.3411672538008412e-14,-3.4813900693175915e-07,1.7441717789228661e-07,1.7473712970661442e-07,9.9999999999999995e-07,5.1305659847312974e-08,5.1305704748071714e-08,-1.0153455678997447e-09,5.1305704748124494e-08,-1.0153006670882282e-09,7.8647450843757749,0
19,0.95000000000000029,4,2.9455460360269679e-07,0.037331089507952095,0.037331110306830055,3.8525006451468142e-14,-2.6366361156460251e-07,1.3204224535169409e-07,1.3230948615470804e-07,9.9999999999999995e-07,3.7331089507952096e-08,3.7331110306830056e-08,-6.8814074067696673e-10,3.7331110306868027e-08,-6.881199417610381e-10,5.7341522555726883,0
20,1.0000000000000002,4,2.3466855233134702e-07,0.028963164847374278,0.028963170104844661,2.8898588675305713e-14,-2.0919455469682591e-07,1.0465467930856297e-07,1.0487724986059316e-07,9.9999999999999995e-07,2.8963164847374277e-08,2.896317010484466e-08,-3.3737972980060621e-10,2.896317010487343e-08,-3.3737447230145444e-10,5,1
